<SpriteData>
			
  <Columns> 12 </Columns>
  <Rows> 14 </Rows>
  <TileWidth> 40 </TileWidth>
  <TileHeight> 40 </TileHeight>
					
  <TileIDs>
    <tile id="3" name="Pickup" class_name="GamePlay.Level3.PickupSP" class_type="gameobject"> </tile>
    <tile id="4" name="Player" class_name="GamePlay.Level3.PlayerSP" class_type="gameobject"> </tile>
  </TileIDs>
					
  <TileMap>
    <Row> -1,-1,-1,-1,-1,-1,-1,-1,-1,-1,-1,-1 </Row>
    <Row> -1, 3,-1,-1,-1,-1,-1,-1,-1,-1,-1,-1 </Row>
    <Row> -1,-1,-1,-1,-1,-1,-1,-1,-1,-1,-1,-1 </Row>
    <Row> -1,-1,-1,-1,-1,-1,-1,-1,-1,-1,-1,-1 </Row>
    <Row> -1,-1, 3,-1,-1,-1,-1,-1, 3,-1,-1,-1 </Row>
    <Row> -1,-1,-1,-1,-1,-1,-1,-1,-1,-1,-1,-1 </Row>
    <Row> -1,-1,-1,-1,-1,-1,-1,-1,-1,-1,-1,-1 </Row>
    <Row> -1,-1,-1,-1,-1,-1,-1,-1,-1,-1,-1,-1 </Row>
    <Row> -1,-1,-1,-1,-1,-1,-1,-1,-1,-1,-1,-1 </Row>
    <Row> -1,-1,-1,-1,-1,-1,-1,-1,-1,-1,-1,-1 </Row>
    <Row> -1,-1,-1,-1, 3,-1,-1,-1,-1,-1,-1,-1 </Row>
    <Row> -1,-1,-1,-1,-1,-1,-1,-1,-1, 3,-1,-1 </Row>
    <Row> -1, 4,-1,-1,-1,-1,-1,-1,-1,-1,-1,-1 </Row>
    <Row> -1,-1,-1,-1,-1,-1,-1,-1,-1,-1,-1,-1 </Row>
  </TileMap>
			
</SpriteData>